name,type,dim,nclass,index
DiasABP,real,1,1,0
HR,real,1,1,1
Na,real,1,1,2
Lactate,real,1,1,3
NIDiasABP,real,1,1,4
PaO2,real,1,1,5
WBC,real,1,1,6
pH,real,1,1,7
Albumin,real,1,1,8
ALT,real,1,1,9
Glucose,real,1,1,10
SaO2,real,1,1,11
Temp,real,1,1,12
AST,real,1,1,13
Bilirubin,real,1,1,14
HCO3,real,1,1,15
BUN,real,1,1,16
RespRate,real,1,1,17
Mg,real,1,1,18
HCT,real,1,1,19
SysABP,real,1,1,20
FiO2,real,1,1,21
K,real,1,1,22
GCS,real,1,1,23
Cholesterol,real,1,1,24
NISysABP,real,1,1,25
TroponinT,real,1,1,26
MAP,real,1,1,27
TroponinI,real,1,1,28
PaCO2,real,1,1,29
Platelets,real,1,1,30
Urine,real,1,1,31
NIMAP,real,1,1,32
Creatinine,real,1,1,33
ALP,real,1,1,34
