name,type,dim,nclass,index
DiasABP,pos,1,1,0
HR,pos,1,1,1
Na,pos,1,1,2
Lactate,pos,1,1,3
NIDiasABP,pos,1,1,4
PaO2,pos,1,1,5
WBC,pos,1,1,6
pH,pos,1,1,7
Albumin,pos,1,1,8
ALT,pos,1,1,9
Glucose,pos,1,1,10
SaO2,pos,1,1,11
Temp,pos,1,1,12
AST,pos,1,1,13
Bilirubin,pos,1,1,14
HCO3,pos,1,1,15
BUN,pos,1,1,16
RespRate,pos,1,1,17
Mg,pos,1,1,18
HCT,pos,1,1,19
SysABP,pos,1,1,20
FiO2,pos,1,1,21
K,pos,1,1,22
GCS,pos,1,1,23
Cholesterol,pos,1,1,24
NISysABP,pos,1,1,25
TroponinT,pos,1,1,26
MAP,pos,1,1,27
TroponinI,pos,1,1,28
PaCO2,pos,1,1,29
Platelets,pos,1,1,30
Urine,pos,1,1,31
NIMAP,pos,1,1,32
Creatinine,pos,1,1,33
ALP,pos,1,1,34
